<?xml version="1.0" encoding="UTF-8" standalone="no"?>
<!-- Generated 14 dic 2022 13:52:47 by Hibernate Tools 6.1.3.Final --><!DOCTYPE hibernate-mapping PUBLIC "-//Hibernate/Hibernate Mapping DTD 3.0//EN" "http://www.hibernate.org/dtd/hibernate-mapping-3.0.dtd">
<hibernate-mapping>
    <class catalog="ejemplo" name="primero.Estadisticas" optimistic-lock="none" table="estadisticas">
        <composite-id class="primero.EstadisticasId" name="id">
            <key-property name="jugador" type="int">
                <column name="jugador"/>
            </key-property>
            <key-property name="temporada" type="string">
                <column length="5" name="temporada"/>
            </key-property>
        </composite-id>
        <many-to-one class="primero.Jugadores" fetch="select" insert="false" name="jugadores" update="false">
            <column name="jugador" not-null="true"/>
        </many-to-one>
        <property name="puntosPorPartido" type="java.lang.Float">
            <column name="Puntos_por_partido" precision="12" scale="0"/>
        </property>
        <property name="asistenciasPorPartido" type="java.lang.Float">
            <column name="Asistencias_por_partido" precision="12" scale="0"/>
        </property>
        <property name="taponesPorPartido" type="java.lang.Float">
            <column name="Tapones_por_partido" precision="12" scale="0"/>
        </property>
        <property name="rebotesPorPartido" type="java.lang.Float">
            <column name="Rebotes_por_partido" precision="12" scale="0"/>
        </property>
    </class>
</hibernate-mapping>
