<?xml version="1.0" encoding="UTF-8" standalone="no"?>
<!-- Generated 14 dic 2022 13:52:47 by Hibernate Tools 6.1.3.Final --><!DOCTYPE hibernate-mapping PUBLIC "-//Hibernate/Hibernate Mapping DTD 3.0//EN" "http://www.hibernate.org/dtd/hibernate-mapping-3.0.dtd">
<hibernate-mapping>
    <class catalog="ejemplo" name="primero.Partidos" optimistic-lock="none" table="partidos">
        <id name="codigo" type="int">
            <column name="codigo"/>
            <generator class="assigned"/>
        </id>
        <many-to-one class="primero.Equipos" fetch="select" name="equiposByEquipoVisitante">
            <column length="20" name="equipo_visitante"/>
        </many-to-one>
        <many-to-one class="primero.Equipos" fetch="select" name="equiposByEquipoLocal">
            <column length="20" name="equipo_local"/>
        </many-to-one>
        <property name="puntosLocal" type="java.lang.Integer">
            <column name="puntos_local"/>
        </property>
        <property name="puntosVisitante" type="java.lang.Integer">
            <column name="puntos_visitante"/>
        </property>
        <property name="temporada" type="string">
            <column length="5" name="temporada"/>
        </property>
    </class>
</hibernate-mapping>
